{
	"info": {
		"_postman_id": "1b4ad78f-4b1f-4650-8d46-2de5eefdaa77",
		"name": "Treinamento iOS",
		"schema": "https://schema.getpostman.com/json/collection/v2.1.0/collection.json"
	},
	"item": [
		{
			"name": "Books",
			"item": [
				{
					"name": "Add Book",
					"request": {
						"method": "POST",
						"header": [
							{
								"key": "Content-Type",
								"value": "application/json",
								"type": "text"
							}
						],
						"body": {
							"mode": "urlencoded",
							"urlencoded": [
								{
									"key": "title",
									"value": "Book Title",
									"type": "text"
								},
								{
									"key": "author_name",
									"value": "Fulano da Silva",
									"type": "text"
								},
								{
									"key": "genre",
									"value": "Romance Policial",
									"type": "text"
								},
								{
									"key": "status",
									"value": "Lendo",
									"type": "text"
								},
								{
									"key": "reading_start_date",
									"value": "21/12/2020",
									"type": "text"
								},
								{
									"key": "reading_end_date",
									"value": "12/10/2021",
									"type": "text"
								},
								{
									"key": "reading_done",
									"value": "false",
									"type": "text"
								}
							]
						},
						"url": {
							"raw": "localhost:3000/book",
							"host": [
								"localhost"
							],
							"port": "3000",
							"path": [
								"book"
							]
						}
					},
					"response": []
				},
				{
					"name": "Get All Books",
					"protocolProfileBehavior": {
						"disableBodyPruning": true
					},
					"request": {
						"method": "GET",
						"header": [
							{
								"key": "Content-Type",
								"value": "application/json",
								"type": "text"
							}
						],
						"body": {
							"mode": "urlencoded",
							"urlencoded": []
						},
						"url": {
							"raw": "localhost:3000/books",
							"host": [
								"localhost"
							],
							"port": "3000",
							"path": [
								"books"
							]
						}
					},
					"response": []
				},
				{
					"name": "Get Book By Id",
					"protocolProfileBehavior": {
						"disableBodyPruning": true
					},
					"request": {
						"method": "GET",
						"header": [
							{
								"key": "Content-Type",
								"value": "application/json",
								"type": "text"
							}
						],
						"body": {
							"mode": "urlencoded",
							"urlencoded": []
						},
						"url": {
							"raw": "localhost:3000/book/76ebd4dd-2096-4547-9ea8-5d9b1d67a895",
							"host": [
								"localhost"
							],
							"port": "3000",
							"path": [
								"book",
								"76ebd4dd-2096-4547-9ea8-5d9b1d67a895"
							]
						}
					},
					"response": []
				},
				{
					"name": "Delete Book",
					"request": {
						"method": "DELETE",
						"header": [
							{
								"key": "Content-Type",
								"value": "application/json",
								"type": "text"
							}
						],
						"body": {
							"mode": "urlencoded",
							"urlencoded": []
						},
						"url": {
							"raw": "localhost:3000/book/3d52bc22-eb7c-4eb1-be0f-dd3fc0187330",
							"host": [
								"localhost"
							],
							"port": "3000",
							"path": [
								"book",
								"3d52bc22-eb7c-4eb1-be0f-dd3fc0187330"
							]
						}
					},
					"response": []
				},
				{
					"name": "Update Book",
					"request": {
						"method": "PUT",
						"header": [
							{
								"key": "Content-Type",
								"value": "application/json",
								"type": "text"
							}
						],
						"body": {
							"mode": "urlencoded",
							"urlencoded": [
								{
									"key": "title",
									"value": "Book Title",
									"type": "text"
								},
								{
									"key": "author_name",
									"value": "Fulano da Silva",
									"type": "text"
								},
								{
									"key": "genre",
									"value": "Romance Policial",
									"type": "text"
								},
								{
									"key": "status",
									"value": "Lendo ?",
									"type": "text"
								},
								{
									"key": "reading_start_date",
									"value": "21/12/2020",
									"type": "text"
								},
								{
									"key": "reading_end_date",
									"value": "12/10/2021",
									"type": "text"
								},
								{
									"key": "reading_done",
									"value": "false",
									"type": "text"
								},
								{
									"key": "book_id",
									"value": "da452d3b-9502-477e-90e9-81b96febfa46",
									"type": "text"
								}
							]
						},
						"url": {
							"raw": "localhost:3000/book/76ebd4dd-2096-4547-9ea8-5d9b1d67a895",
							"host": [
								"localhost"
							],
							"port": "3000",
							"path": [
								"book",
								"76ebd4dd-2096-4547-9ea8-5d9b1d67a895"
							]
						}
					},
					"response": []
				}
			]
		},
		{
			"name": "User",
			"item": [
				{
					"name": "Add User",
					"request": {
						"method": "POST",
						"header": [
							{
								"key": "Content-Type",
								"value": "application/json",
								"type": "text"
							}
						],
						"body": {
							"mode": "urlencoded",
							"urlencoded": [
								{
									"key": "full_name",
									"value": "Fulano da Silva",
									"type": "text"
								},
								{
									"key": "email",
									"value": "fulano@email.com",
									"type": "text"
								},
								{
									"key": "password_hash",
									"value": "x@===asdals",
									"type": "text"
								}
							]
						},
						"url": {
							"raw": "localhost:3000/user",
							"host": [
								"localhost"
							],
							"port": "3000",
							"path": [
								"user"
							]
						}
					},
					"response": []
				},
				{
					"name": "Authenticate User",
					"request": {
						"method": "POST",
						"header": [
							{
								"key": "Content-Type",
								"value": "application/json",
								"type": "text"
							}
						],
						"body": {
							"mode": "urlencoded",
							"urlencoded": [
								{
									"key": "email",
									"value": "fulano@email.com",
									"type": "text"
								},
								{
									"key": "password_hash",
									"value": "x@===asdals",
									"type": "text"
								}
							]
						},
						"url": {
							"raw": "localhost:3000/security/authenticate",
							"host": [
								"localhost"
							],
							"port": "3000",
							"path": [
								"security",
								"authenticate"
							]
						}
					},
					"response": []
				}
			]
		}
	]
}